{
  "target_unseen": {
    "sug_only": {
      "auroc": 0.5361917042768106,
      "auprc": 0.3497440215495843,
      "f1": 0.140625,
      "f1_optimal": 0.4808743169398907,
      "threshold_optimal": 0.25000000000000006,
      "best_val_auroc": 0.7139557471808965
    },
    "e3_only": {
      "auroc": 0.47511283043197944,
      "auprc": 0.31633075940370436,
      "f1": 0.056074766355140186,
      "f1_optimal": 0.45727482678983833,
      "threshold_optimal": 0.1,
      "best_val_auroc": 0.5398464891500047
    },
    "sug_e3_simple": {
      "auroc": 0.5396088545024715,
      "auprc": 0.3844233346152216,
      "f1": 0.389937106918239,
      "f1_optimal": 0.45727482678983833,
      "threshold_optimal": 0.1,
      "best_val_auroc": 0.760672320667109
    }
  },
  "e3_unseen": {
    "sug_only": {
      "auroc": 0.7083333333333333,
      "auprc": 0.6587301587301587,
      "f1": 0.782608695652174,
      "f1_optimal": 0.782608695652174,
      "threshold_optimal": 0.40000000000000013,
      "best_val_auroc": 0.7418768610965142
    },
    "e3_only": {
      "auroc": 0.5,
      "auprc": 0.5294117647058824,
      "f1": 0.0,
      "f1_optimal": 0.6923076923076923,
      "threshold_optimal": 0.1,
      "best_val_auroc": 0.5150055467974543
    },
    "sug_e3_simple": {
      "auroc": 0.8055555555555556,
      "auprc": 0.7477954144620811,
      "f1": 0.782608695652174,
      "f1_optimal": 0.782608695652174,
      "threshold_optimal": 0.3500000000000001,
      "best_val_auroc": 0.7569043031470777
    }
  },
  "random": {
    "sug_only": {
      "auroc": 0.7387796168794019,
      "auprc": 0.6696590342004636,
      "f1": 0.588957055214724,
      "f1_optimal": 0.6150234741784038,
      "threshold_optimal": 0.30000000000000004,
      "best_val_auroc": 0.7303562074384494
    },
    "e3_only": {
      "auroc": 0.5316044901260629,
      "auprc": 0.3876981556233426,
      "f1": 0.0,
      "f1_optimal": 0.5495934959349593,
      "threshold_optimal": 0.3500000000000001,
      "best_val_auroc": 0.5210238949107466
    },
    "sug_e3_simple": {
      "auroc": 0.7405650141056246,
      "auprc": 0.6657457934964486,
      "f1": 0.6153846153846154,
      "f1_optimal": 0.6309859154929578,
      "threshold_optimal": 0.45000000000000007,
      "best_val_auroc": 0.758683563686183
    }
  }
}