{
  "target_unseen": {
    "split": "target_unseen",
    "n_test": 473,
    "n_bootstrap": 100,
    "auroc": {
      "mean": 0.6570810255657852,
      "std": 0.02637820865578328,
      "ci_lower": 0.6109092066604064,
      "ci_upper": 0.7115143217971784
    },
    "auprc": {
      "mean": 0.5923625377363296,
      "std": 0.03503346565588959,
      "ci_lower": 0.5132200180175199,
      "ci_upper": 0.6503894187001292
    },
    "f1": {
      "mean": 0.5922619047619048,
      "std": 0.02268537892317988,
      "ci_lower": 0.5486224790028353,
      "ci_upper": 0.6339836223506743
    }
  },
  "e3_unseen": {
    "split": "e3_unseen",
    "n_test": 1106,
    "n_bootstrap": 100,
    "auroc": {
      "mean": 0.8106460816748061,
      "std": 0.013170796620655291,
      "ci_lower": 0.7846575314773471,
      "ci_upper": 0.8362966233798441
    },
    "auprc": {
      "mean": 0.7097290457707317,
      "std": 0.02206797773410395,
      "ci_lower": 0.670029060689645,
      "ci_upper": 0.7528659222809008
    },
    "f1": {
      "mean": 0.6695187165775401,
      "std": 0.01802755261264644,
      "ci_lower": 0.6353500279581566,
      "ci_upper": 0.7002237484185795
    }
  },
  "random": {
    "split": "random",
    "n_test": 466,
    "n_bootstrap": 100,
    "auroc": {
      "mean": 0.774329736234686,
      "std": 0.02543801750047358,
      "ci_lower": 0.72516184249196,
      "ci_upper": 0.8156980677179118
    },
    "auprc": {
      "mean": 0.692541463148125,
      "std": 0.03709838652701632,
      "ci_lower": 0.6205519391754,
      "ci_upper": 0.7569419649738378
    },
    "f1": {
      "mean": 0.6523809523809524,
      "std": 0.025869951946703326,
      "ci_lower": 0.5989624744504786,
      "ci_upper": 0.7010885885885886
    }
  }
}