{
  "target_unseen": {
    "n_samples": 473,
    "n_positive": 199,
    "n_negative": 274,
    "prevalence": 0.42071881606765327,
    "auroc": 0.6568701170083997,
    "auprc": 0.5919861865884114,
    "f1": 0.5702970297029702,
    "precision": 0.47058823529411764,
    "recall": 0.7236180904522613,
    "mcc": 0.13674016804787129,
    "balanced_accuracy": 0.5661886072699263,
    "confusion_matrix": {
      "tp": 144,
      "fp": 162,
      "tn": 112,
      "fn": 55
    },
    "specificity": 0.40875912408759124,
    "npv": 0.6706586826347305,
    "calibration": {
      "brier_score": 0.2403689089123509,
      "log_loss": 0.6735713549236598,
      "ece": 0.029121467363763705,
      "mce": 0.13477961222330725
    },
    "precision_recall_at_k": {
      "precision@10": 0.6,
      "recall@10": 0.03015075376884422,
      "precision@20": 0.7,
      "recall@20": 0.07035175879396985,
      "precision@50": 0.7,
      "recall@50": 0.17587939698492464,
      "precision@100": 0.69,
      "recall@100": 0.34673366834170855
    },
    "ndcg": {
      "ndcg@10": 0.49667571720465364,
      "ndcg@20": 0.6023541819220061,
      "ndcg@50": 0.6423826517947344
    },
    "per_e3": {
      "VHL": {
        "n_samples": 187,
        "n_positive": 75,
        "auroc": 0.39601190476190473,
        "auprc": 0.3704600869636656,
        "f1": 0.48128342245989303,
        "accuracy": 0.48128342245989303
      },
      "CRBN": {
        "n_samples": 273,
        "n_positive": 122,
        "auroc": 0.7583867115405494,
        "auprc": 0.7057415269516741,
        "f1": 0.6265822784810127,
        "accuracy": 0.5677655677655677
      },
      "cIAP1": {
        "n_samples": 8,
        "n_positive": 2,
        "auroc": 0.4166666666666667,
        "auprc": 0.25,
        "f1": 0.0,
        "accuracy": 0.75
      }
    },
    "optimal_threshold": {
      "threshold": 0.1,
      "f1_at_optimal": 0.5922619047619048
    }
  },
  "e3_unseen": {
    "n_samples": 1106,
    "n_positive": 411,
    "n_negative": 695,
    "prevalence": 0.3716094032549729,
    "auroc": 0.8106408304013722,
    "auprc": 0.7105029157505842,
    "f1": 0.6449934980494149,
    "precision": 0.6927374301675978,
    "recall": 0.6034063260340633,
    "mcc": 0.4597383565786483,
    "balanced_accuracy": 0.7225664723695496,
    "confusion_matrix": {
      "tp": 248,
      "fp": 110,
      "tn": 585,
      "fn": 163
    },
    "specificity": 0.841726618705036,
    "npv": 0.7820855614973262,
    "calibration": {
      "brier_score": 0.1889346072049089,
      "log_loss": 0.5659368720334836,
      "ece": 0.1232617310702008,
      "mce": 0.2025296489397685
    },
    "precision_recall_at_k": {
      "precision@10": 0.8,
      "recall@10": 0.019464720194647202,
      "precision@20": 0.9,
      "recall@20": 0.043795620437956206,
      "precision@50": 0.88,
      "recall@50": 0.1070559610705596,
      "precision@100": 0.86,
      "recall@100": 0.20924574209245742
    },
    "ndcg": {
      "ndcg@10": 0.7917063341896683,
      "ndcg@20": 0.8655740691949848,
      "ndcg@50": 0.8681174255015853
    },
    "per_e3": {
      "VHL": {
        "n_samples": 1106,
        "n_positive": 411,
        "auroc": 0.8106408304013722,
        "auprc": 0.7105029157505842,
        "f1": 0.6449934980494149,
        "accuracy": 0.7531645569620253
      }
    },
    "optimal_threshold": {
      "threshold": 0.45000000000000007,
      "f1_at_optimal": 0.6695187165775401
    }
  },
  "random": {
    "n_samples": 466,
    "n_positive": 173,
    "n_negative": 293,
    "prevalence": 0.37124463519313305,
    "auroc": 0.7746256584268776,
    "auprc": 0.6926523065767763,
    "f1": 0.6337078651685393,
    "precision": 0.5183823529411765,
    "recall": 0.815028901734104,
    "mcc": 0.36060907960682176,
    "balanced_accuracy": 0.6839649628124445,
    "confusion_matrix": {
      "tp": 141,
      "fp": 131,
      "tn": 162,
      "fn": 32
    },
    "specificity": 0.552901023890785,
    "npv": 0.8350515463917526,
    "calibration": {
      "brier_score": 0.21921215347863604,
      "log_loss": 0.6276008420275567,
      "ece": 0.16501592270368037,
      "mce": 0.37894488573074336
    },
    "precision_recall_at_k": {
      "precision@10": 0.9,
      "recall@10": 0.05202312138728324,
      "precision@20": 0.95,
      "recall@20": 0.10982658959537572,
      "precision@50": 0.84,
      "recall@50": 0.24277456647398843,
      "precision@100": 0.75,
      "recall@100": 0.43352601156069365
    },
    "ndcg": {
      "ndcg@10": 0.8611375561264456,
      "ndcg@20": 0.9103827127966565,
      "ndcg@50": 0.8504196076660803
    },
    "per_e3": {
      "CRBN": {
        "n_samples": 264,
        "n_positive": 99,
        "auroc": 0.7889807162534436,
        "auprc": 0.7220832753251756,
        "f1": 0.6613545816733067,
        "accuracy": 0.678030303030303
      },
      "VHL": {
        "n_samples": 182,
        "n_positive": 69,
        "auroc": 0.7786969347184814,
        "auprc": 0.6857624617943262,
        "f1": 0.627906976744186,
        "accuracy": 0.6483516483516484
      },
      "cIAP1": {
        "n_samples": 7,
        "n_positive": 1,
        "auroc": 0.8333333333333333,
        "auprc": 0.3333333333333333,
        "f1": 0.25,
        "accuracy": 0.14285714285714285
      },
      "DCAF1": {
        "n_samples": 2,
        "n_positive": 1,
        "auroc": 1.0,
        "auprc": 1.0,
        "f1": 0.6666666666666666,
        "accuracy": 0.5
      },
      "KEAP1": {
        "n_samples": 3,
        "n_positive": 1,
        "auroc": 0.25,
        "auprc": 0.3333333333333333,
        "f1": 0.0,
        "accuracy": 0.3333333333333333
      },
      "XIAP": {
        "n_samples": 3,
        "n_positive": 2,
        "auroc": 1.0,
        "auprc": 1.0,
        "f1": 0.8,
        "accuracy": 0.6666666666666666
      }
    },
    "optimal_threshold": {
      "threshold": 0.6000000000000002,
      "f1_at_optimal": 0.6523809523809524
    }
  }
}