{
  "mean": 0.658745044529493,
  "std": 0.026008608267339375,
  "ci_lower": 0.6077636939429065,
  "ci_upper": 0.7074739129937467,
  "n_bootstrap": 1000,
  "auroc_point": 0.6592634706378608,
  "auprc": 0.594661402249108,
  "n_test": 473,
  "n_positive": 199,
  "n_negative": 274
}