{
  "mean": 0.7803899442644949,
  "std": 0.02205218485377073,
  "ci_lower": 0.7373491300366302,
  "ci_upper": 0.8215555406163814,
  "n_bootstrap": 1000,
  "auroc_point": 0.780847669001944,
  "auprc": 0.7671818239087509,
  "n_test": 473,
  "n_positive": 199,
  "n_negative": 274
}